<?xml version="1.0" encoding="UTF-8" standalone="yes"?>
<addon id="plugin.video.MCMBWizard" name="ManCaveMediaBox Wizard" version="1.0.7" provider-name="ManCaveMedia">
  <requires>
    <import addon="xbmc.python" version="2.1.0"/>
  </requires>
  <extension point="xbmc.python.script" library="default.py">
        <provides>executable</provides>
  </extension>
  <extension point="xbmc.addon.metadata">
    <summary lang="nl">ManCaveMediaBox Wizard</summary>
    <description lang="nl">Wizard van ManCaveMedia om je ManCaveMediaBox te updaten naar de gekozen versie. Helemaal automatisch. Lekker makkelijk. En daar houden we van.</description>
    <disclaimer lang="nl">Alleen bedoeld voor de ManCaveMediaBox.</disclaimer>
	<platform>linux android</platform>
	<license>GNU GENERAL PUBLIC LICENSE. Version 2, June 1991</license>
	<forum></forum>
	<website>http://www.mancavemedia.nl/</website>
	<email></email>
	<source></source>
	<news>v1.0.7: Compleet herschreven voor Kodi Krypton</news>
	<assets>
		<icon>resources/icon.png</icon>
		<fanart>resources/fanart.jpg</fanart>
	</assets>
  </extension>
</addon>
