<?xml version="1.0" encoding="UTF-8" standalone="yes"?>
<addon id="plugin.video.MCMBWizard" name="[B][COLOR FF593C24]ManCave[/COLOR][COLOR FF4379A5]MediaBox[/COLOR] Wizard[/B]" version="0.9.6" provider-name="[B][COLOR FF593C24]ManCave[/COLOR][COLOR FF4379A5]Media[/COLOR][/B]">
  <requires>
    <import addon="xbmc.python" version="2.1.0"/>
  </requires>
  <extension point="xbmc.python.pluginsource" library="default.py">
        <provides>video executable</provides>
  </extension>
  <extension point="xbmc.addon.metadata">
    <summary lang="nl">[B][COLOR FF593C24]ManCave[/COLOR][COLOR FF4379A5]MediaBox[/COLOR] Wizard[/B] v0.9.6 (RC2)</summary>
    <description lang="nl">Wizard van [B][COLOR FF593C24]ManCave[/COLOR][COLOR FF4379A5]Media[/COLOR][/B] om je [B][COLOR FF593C24]ManCave[/COLOR][COLOR FF4379A5]MediaBox[/COLOR][/B] te updaten naar de gekozen versie. Helemaal automatisch. Lekker makkelijk. En daar houden we van.</description>
    <platform>all</platform>
  </extension>
</addon>
